<?xml version="1.0" encoding="UTF-8"?>
<project-private xmlns="http://www.netbeans.org/ns/project-private/1">
    <editor-bookmarks xmlns="http://www.netbeans.org/ns/editor-bookmarks/2" lastBookmarkId="0"/>
    <open-files xmlns="http://www.netbeans.org/ns/projectui-open-files/2">
        <group>
            <file>file:/Users/jacobminotti/Desktop/Education/JavaScript/Minotti_Jacob_WPF/Functions_Assignment/Functions_Industry/public_html/index.html</file>
            <file>file:/Users/jacobminotti/Desktop/Education/JavaScript/Minotti_Jacob_WPF/Functions_Assignment/Functions_Industry/public_html/js/Script.js</file>
        </group>
    </open-files>
</project-private>
